gbif_id,taxon_name,decimal_latitude,decimal_longitude
921589682,Equus kiang,34.724121,98.11821
1837094265,Equus kiang,33.476556,77.728357
921588614,Equus kiang,34.910709,98.486938
921589591,Equus kiang,33.311596,77.986969
1306575449,Equus kiang,33.126502,78.006707
1839211301,Equus kiang,35.721178,93.600563
1668794558,Equus kiang,35.960223,94.77356
891145367,Equus kiang,34.126462,95.797412
921588692,Equus kiang,34.041279,97.553101
1837744024,Equus kiang,33.589042,78.11105
